Adams;Luna;Emmaovich;LA Inc.;+73185826315;+78944734028
Hendrix;Luna;Ameliaovich;LH Cor.;+74766966577;+79806812139
Adler;Benjamin;Sophiaovich;BA Cor.;+79138836829;+78853618917
Zimmerman;Mia;Ameliaovich;MZ Com.;+78453184144;+74671013177
Crassus;Lucas;Avaovich;LC Cor.;+77847653401;+77041298324
Adler;Theodore;Elijahovich;TA Cor.;+71384583181;+78134618028
Gasper;Evelyn;Benjaminovich;EG Cor.;+73858964265;+72540566993
Pierce;Benjamin;Charlotteovich;BP Cor.;+77592193313;+72318204967
Dawson;Amelia;Oliviaovich;AD Cor.;+73440333418;+74650022471
Huxley;Luna;Williamovich;LH Inc.;+74400061535;+72839139524
Collymore;Noah;Miaovich;NC Ent.;+77725331737;+77866693991
Gray;Oliver;Henryovich;OG Com.;+75494962789;+76927289372
Verlice;Emma;Ameliaovich;EV Cor.;+78335632904;+79656916497
Huxley;James;Williamovich;JH Ent.;+71590072424;+79765386706
Wilson;Mia;Oliviaovich;MW Cor.;+79404079054;+73158048102
Hendrix;Olivia;Miaovich;OH Cor.;+77905698095;+78766967960
Verlice;Elijah;Miaovich;EV Com.;+73915502708;+79910602868
Gray;Benjamin;Liamovich;BG Com.;+79565859395;+75979308838
Wilson;Elijah;Sophiaovich;EW Com.;+72563003392;+74909802697
Anderson;Emma;Jamesovich;EA Cor.;+71745473868;+79131721908
Adams;Emma;Williamovich;EA Com.;+75502622366;+77219494630
Huxley;James;Williamovich;JH Ent.;+75121265225;+79592893053
Collymore;Mia;Jamesovich;MC Com.;+77867316169;+71687237203
Crassus;Isabella;Jamesovich;IC Cor.;+79702942515;+77021517220
Beckett;James;Lunaovich;JB Cor.;+71186686926;+76804839419
Collymore;Ava;Charlotteovich;AC Com.;+73935300956;+76048702004
Finnegan;William;Lunaovich;WF Inc.;+77928157243;+73218712725
Huxley;Henry;Miaovich;HH Com.;+76450317294;+73589990179
Lennon;James;Charlotteovich;JL Ent.;+71233777104;+73090260903
Finnegan;Benjamin;Ameliaovich;BF Inc.;+72404850335;+75030633480
Verlice;William;Miaovich;WV Ent.;+74110093288;+79970201084
Curran;Charlotte;Charlotteovich;CC Ent.;+71780899393;+79046092227
Collymore;Theodore;Emmaovich;TC Inc.;+75629698847;+71981879941
Verlice;Henry;Oliviaovich;HV Com.;+77828490616;+78282223216
Hendrix;Noah;Avaovich;NH Ent.;+76289910685;+73748335771
Hayes;Evelyn;Isabellaovich;EH Ent.;+73346803336;+74880587038
Hendrix;Charlotte;Jamesovich;CH Ent.;+75188112576;+74708975167
Adair;Mia;Theodoreovich;MA Ent.;+72252935671;+73041487520
Pierce;Charlotte;Theodoreovich;CP Inc.;+74456674021;+78495358419
Hendrix;Benjamin;Oliverovich;BH Com.;+78986463132;+76566689666
Adler;Olivia;Jamesovich;OA Inc.;+78335792820;+76933242749
Carter;Henry;Lucasovich;HC Cor.;+75637352269;+72734338438
Collymore;Olivia;Emmaovich;OC Ent.;+79218085170;+77454258686
Hendrix;Noah;Benjaminovich;NH Inc.;+77275796463;+73846293907
Collymore;Isabella;Jamesovich;IC Inc.;+71502064946;+72576634723
Hendrix;Mia;Isabellaovich;MH Com.;+78764192380;+78814373963
Curran;William;Liamovich;WC Com.;+79264500683;+77537037546
Gatlin;Amelia;Theodoreovich;AG Ent.;+78918401812;+73257713181
Ford;Liam;Jamesovich;LF Ent.;+79745005688;+73390314261
Gasper;Theodore;Henryovich;TG Cor.;+78622384742;+78940994825
Adair;Elijah;Henryovich;EA Cor.;+72258006686;+74293652693
Dawson;Mia;Oliverovich;MD Inc.;+75652383249;+77019017854
Adler;Benjamin;Jamesovich;BA Com.;+71248914883;+72557445686
Adams;Charlotte;Williamovich;CA Inc.;+73142108045;+77499972402
Gatlin;Charlotte;Lucasovich;CG Ent.;+71296802747;+75167756902
Ford;Isabella;Liamovich;IF Inc.;+78366912879;+74470729310
Zimmerman;Henry;Sophiaovich;HZ Com.;+72399340654;+79395345960
Adair;William;Jamesovich;WA Com.;+77666023664;+74003036974
Gray;Evelyn;Jamesovich;EG Cor.;+74083348809;+75549069818
Stoll;Theodore;Isabellaovich;TS Inc.;+71221573976;+74980459298
Huxley;Theodore;Oliverovich;TH Ent.;+77830553669;+74090574678
Crassus;Evelyn;Oliverovich;EC Cor.;+74993537866;+77680696313
Crassus;Oliver;Benjaminovich;OC Inc.;+72270378501;+72985636827
Adair;Elijah;Oliviaovich;EA Inc.;+71453507412;+73343670942
Zimmerman;Evelyn;Elijahovich;EZ Com.;+79398683820;+74420808926
Adams;Evelyn;Henryovich;EA Cor.;+76234247264;+73054075570
Ford;Henry;Lucasovich;HF Inc.;+74372692682;+71118419581
Adler;Sophia;Lunaovich;SA Cor.;+76004200817;+71760924696
Anderson;Sophia;Williamovich;SA Com.;+71983796836;+78136582603
Adams;James;Emmaovich;JA Cor.;+76998195515;+78425918407
Lennon;Evelyn;Henryovich;EL Cor.;+78296425644;+79553959908
Beckett;Charlotte;Lucasovich;CB Inc.;+75622660782;+76754473116
Anderson;Theodore;Isabellaovich;TA Com.;+75056641337;+79761830283
Crassus;James;Elijahovich;JC Inc.;+73099252144;+71449197030
Dawson;Benjamin;Jamesovich;BD Ent.;+72572638798;+74158647178
Carter;William;Emmaovich;WC Ent.;+73291136245;+71965908347
Anderson;Lucas;Liamovich;LA Cor.;+77449582152;+72617762830
Ford;Emma;Evelynovich;EF Ent.;+72197624258;+77529956286
Curran;Olivia;Henryovich;OC Ent.;+78551468027;+76995835959
Dawson;Lucas;Isabellaovich;LD Ent.;+74958194384;+79056228216
Beckett;Luna;Avaovich;LB Ent.;+77076249319;+72320161015
Anderson;Charlotte;Benjaminovich;CA Cor.;+74659495825;+75045563365
Adair;Henry;Liamovich;HA Cor.;+73421670729;+74537995135
Adler;Noah;Emmaovich;NA Cor.;+79511733519;+75557639802
Gatlin;Oliver;Theodoreovich;OG Com.;+73320927854;+78830368816
Collymore;Amelia;Isabellaovich;AC Cor.;+71329420828;+75587436903
Gatlin;Oliver;Lucasovich;OG Cor.;+79203788333;+79505959453
Hayes;Elijah;Emmaovich;EH Ent.;+74141359932;+72447008977
Collymore;Charlotte;Henryovich;CC Cor.;+73683887683;+73110929338
Stoll;Evelyn;Williamovich;ES Inc.;+75892352059;+76216439346
Wilson;Isabella;Oliverovich;IW Ent.;+72493021663;+71986721302
Gasper;Elijah;Liamovich;EG Ent.;+77958891342;+76526176200
Ford;Mia;Liamovich;MF Ent.;+74333570372;+78028143651
Hendrix;Oliver;Theodoreovich;OH Cor.;+72049193138;+76889945215
Ledger;Isabella;Elijahovich;IL Ent.;+72906631487;+78553098062
Ledger;Isabella;Sophiaovich;IL Ent.;+77222803461;+73532249396
Curran;Noah;Ameliaovich;NC Ent.;+79297016266;+79131144462
Beckett;Isabella;Miaovich;IB Inc.;+75729742819;+79084959928
Crassus;Ava;Noahovich;AC Com.;+71814112812;+73512859338
Carter;William;Ameliaovich;WC Inc.;+76449542528;+71258984306
Pierce;Liam;Noahovich;LP Com.;+77998254865;+75147334646
Curran;Ava;Liamovich;AC Ent.;+78246037454;+74923665304
Anderson;Mia;Emmaovich;MA Ent.;+75942455206;+79907254097
Verlice;Charlotte;Ameliaovich;CV Inc.;+79442359921;+74964768258
Adair;Isabella;Charlotteovich;IA Ent.;+75815036671;+79476462095
Pierce;Luna;Noahovich;LP Inc.;+76728228651;+72335233836
Wilson;Noah;Lunaovich;NW Inc.;+77838789192;+76120647415
Dawson;Lucas;Oliviaovich;LD Com.;+73483016992;+76384491064
Hayes;Lucas;Lunaovich;LH Com.;+75113057171;+73433316395
Anderson;Henry;Isabellaovich;HA Inc.;+71634893592;+72405592871
Gatlin;Isabella;Isabellaovich;IG Com.;+74256786127;+78287887343
Adair;Henry;Oliviaovich;HA Cor.;+75415265690;+77501160932
Collymore;Isabella;Ameliaovich;IC Com.;+75518690031;+72949740612
Finnegan;Charlotte;Jamesovich;CF Ent.;+77578872896;+73011749943
Gray;Charlotte;Jamesovich;CG Inc.;+75351283071;+72905414748
Ledger;Henry;Benjaminovich;HL Ent.;+75095007243;+72315801586
Pierce;Emma;Isabellaovich;EP Com.;+79084853129;+73450222014
Wilson;Oliver;Jamesovich;OW Ent.;+73867960574;+76228630066
Crassus;Emma;Sophiaovich;EC Com.;+76904223891;+79494628953
Curran;James;Theodoreovich;JC Cor.;+78017278357;+71288264818
Finnegan;Theodore;Avaovich;TF Inc.;+71157907188;+76828678994
Ford;William;Avaovich;WF Inc.;+76816182338;+73334821767
Hayes;Oliver;Elijahovich;OH Com.;+77008165437;+74216203482
Collymore;Lucas;Avaovich;LC Inc.;+72037637879;+76677765562
Ledger;William;Avaovich;WL Inc.;+73130275012;+78578578165
Adler;Isabella;Sophiaovich;IA Inc.;+74404551347;+79657613328
Gatlin;Luna;Oliviaovich;LG Com.;+79149442307;+79477709693
Gasper;William;Miaovich;WG Com.;+76725937486;+76675726593
Adler;Theodore;Miaovich;TA Ent.;+78868274771;+74877742794
Beckett;Oliver;Oliverovich;OB Inc.;+71894184725;+79686310830
Collymore;Liam;Elijahovich;LC Com.;+77890767919;+76859636803
Adler;Mia;Oliverovich;MA Com.;+73242057720;+74157339950
Gray;Sophia;Charlotteovich;SG Cor.;+71829885672;+78286172536
Anderson;William;Lucasovich;WA Cor.;+78883025309;+72538481950
Adams;Ava;Henryovich;AA Ent.;+71194758702;+75923828563
Pierce;Mia;Emmaovich;MP Com.;+71617762532;+74320009950
Crassus;Amelia;Avaovich;AC Inc.;+74144018148;+77931197247
Wilson;Benjamin;Lucasovich;BW Com.;+77902888124;+77601019881
Ford;William;Liamovich;WF Ent.;+72850959285;+72197221804
Curran;Evelyn;Charlotteovich;EC Com.;+75808763672;+78251111281
Gasper;Luna;Sophiaovich;LG Inc.;+75972458053;+71219215120
Verlice;Luna;Lucasovich;LV Inc.;+79581699246;+73865539760
Ford;Oliver;Charlotteovich;OF Com.;+74876964534;+75928826190
Gatlin;William;Noahovich;WG Com.;+76015659894;+71797213290
Huxley;Oliver;Miaovich;OH Com.;+73164391373;+78858933699
Crassus;Mia;Theodoreovich;MC Inc.;+76066951856;+76906473012
Finnegan;Sophia;Sophiaovich;SF Ent.;+79772787022;+73129181521
Zimmerman;Ava;Oliverovich;AZ Com.;+74422204529;+79601759321
Dawson;Elijah;Jamesovich;ED Cor.;+71737634297;+76506188395
Beckett;Benjamin;Ameliaovich;BB Ent.;+79827470736;+76567990285
Gasper;Charlotte;Henryovich;CG Ent.;+71306243064;+72193381495
Gatlin;Amelia;Liamovich;AG Ent.;+73148023435;+78590685749
Verlice;Elijah;Noahovich;EV Inc.;+76547871588;+74449161930
Collymore;Theodore;Elijahovich;TC Inc.;+79837765514;+77386183686
Beckett;Luna;Ameliaovich;LB Ent.;+79989450481;+74334527393
Curran;Isabella;Elijahovich;IC Com.;+79498225551;+72378834309
Finnegan;Ava;Liamovich;AF Cor.;+77225092051;+75424411382
Hayes;Elijah;Benjaminovich;EH Com.;+71249327568;+77230153092
Crassus;Mia;Elijahovich;MC Com.;+73758215623;+77413365761
Verlice;Isabella;Jamesovich;IV Com.;+76779748538;+78268494196
Adler;Emma;Evelynovich;EA Inc.;+76241197629;+71672904219
Dawson;Lucas;Avaovich;LD Com.;+72614711623;+73637618534
Curran;Theodore;Emmaovich;TC Ent.;+75753886286;+77657624221
Wilson;Mia;Lunaovich;MW Cor.;+77385422088;+71497633189
Collymore;Oliver;Benjaminovich;OC Cor.;+78529834182;+79499987387
Adams;Charlotte;Benjaminovich;CA Cor.;+76786902212;+71512774665
Adair;Charlotte;Theodoreovich;CA Cor.;+73355889107;+79922536214
Gatlin;Lucas;Sophiaovich;LG Cor.;+78651957380;+71744334865
Curran;Isabella;Liamovich;IC Com.;+72346567894;+79321063919
Verlice;Emma;Miaovich;EV Inc.;+72278954929;+78150973794
Ford;Liam;Benjaminovich;LF Ent.;+73379418886;+78280446161
Collymore;Ava;Emmaovich;AC Cor.;+77660608321;+75811876925
Adair;Amelia;Isabellaovich;AA Cor.;+72603664361;+71417880800
Stoll;Elijah;Benjaminovich;ES Ent.;+76309282255;+78190511667
Stoll;Olivia;Isabellaovich;OS Com.;+71615582695;+71815608206
Hendrix;Olivia;Noahovich;OH Inc.;+75054632339;+78222040647
Gatlin;Emma;Lunaovich;EG Com.;+79958044160;+72777827884
Carter;Benjamin;Noahovich;BC Com.;+77254668020;+75066031809
Dawson;Lucas;Emmaovich;LD Cor.;+79078986186;+74834052027
Gray;Noah;Elijahovich;NG Cor.;+79684564496;+75929124831
Verlice;Theodore;Emmaovich;TV Inc.;+77631249526;+77758384442
Anderson;Olivia;Williamovich;OA Ent.;+75293446823;+72317221533
Hayes;Noah;Lunaovich;NH Com.;+78961919738;+77542572551
Gasper;Luna;Oliviaovich;LG Ent.;+76515003039;+79194909522
Collymore;Olivia;Benjaminovich;OC Cor.;+76760619418;+75824034244
Huxley;Luna;Oliverovich;LH Com.;+74058173788;+74441413044
Zimmerman;Isabella;Williamovich;IZ Ent.;+71427855485;+71626590086
Gatlin;Isabella;Isabellaovich;IG Cor.;+78709350533;+78321735910
Gray;Oliver;Lunaovich;OG Com.;+76639222620;+78533352154
Stoll;Emma;Theodoreovich;ES Inc.;+75530786921;+79193178363
Gasper;William;Theodoreovich;WG Inc.;+73669736337;+79408697527
Stoll;Luna;Liamovich;LS Inc.;+74136044820;+71736552591
Wilson;Isabella;Isabellaovich;IW Ent.;+72352427398;+73930740289
Gray;Elijah;Elijahovich;EG Com.;+78096391663;+73856142907
Gray;Amelia;Noahovich;AG Cor.;+71805802523;+71485365299
Wilson;Emma;Charlotteovich;EW Inc.;+72625822769;+73874052421
Huxley;Evelyn;Charlotteovich;EH Inc.;+73425810180;+76674413111
Ledger;Olivia;Lunaovich;OL Inc.;+72797537207;+76939241085
Lennon;Isabella;Sophiaovich;IL Inc.;+74782653199;+72756453617
Wilson;Evelyn;Lunaovich;EW Ent.;+76862805270;+78374824798
Finnegan;Noah;Avaovich;NF Cor.;+78331639548;+77825040450
Stoll;Olivia;Noahovich;OS Com.;+79009057117;+76246264631
Dawson;Elijah;Liamovich;ED Cor.;+79988309474;+72823976048
Adams;Henry;Liamovich;HA Cor.;+79565428092;+74909234392
Pierce;Noah;Henryovich;NP Cor.;+72014083209;+78862160690
Zimmerman;Theodore;Lunaovich;TZ Cor.;+73207293659;+79166868054
Gasper;Emma;Avaovich;EG Cor.;+78880205343;+73129430964
Pierce;Noah;Benjaminovich;NP Cor.;+79262512210;+72705667444
Stoll;Sophia;Emmaovich;SS Inc.;+72795809865;+74277035982
Adler;Henry;Ameliaovich;HA Inc.;+71265487411;+78247106489
Finnegan;Evelyn;Evelynovich;EF Inc.;+79835365877;+78789886944
Gasper;Benjamin;Isabellaovich;BG Com.;+72154502065;+72552148691
Pierce;Elijah;Liamovich;EP Com.;+74542326395;+72183994646
Anderson;Lucas;Henryovich;LA Cor.;+77518474135;+75921254095
Anderson;Isabella;Benjaminovich;IA Ent.;+74318473001;+78952947761
Hendrix;Lucas;Benjaminovich;LH Inc.;+78948349056;+75483458237
Wilson;Evelyn;Isabellaovich;EW Ent.;+77176142831;+71909948062
Gray;William;Ameliaovich;WG Cor.;+75807755348;+78797586990
Gasper;Liam;Henryovich;LG Cor.;+78561129800;+78967490795
Stoll;Luna;Williamovich;LS Ent.;+77947740481;+77964999630
Ford;Henry;Lunaovich;HF Cor.;+76896892723;+79533853745
Beckett;Liam;Ameliaovich;LB Cor.;+72029930540;+75901988020
Beckett;Elijah;Theodoreovich;EB Ent.;+76430883750;+71544897475
Hendrix;Henry;Miaovich;HH Cor.;+72886873769;+78643463419
Wilson;Olivia;Lucasovich;OW Cor.;+78791966604;+73932598506
Zimmerman;Benjamin;Liamovich;BZ Com.;+78124331207;+75094269819
Ford;Elijah;Elijahovich;EF Com.;+76011552307;+71895061174
Collymore;Liam;Benjaminovich;LC Cor.;+78508173846;+74837632287
Adams;Emma;Lucasovich;EA Com.;+78584431640;+75568053727
Pierce;Oliver;Ameliaovich;OP Inc.;+76235694622;+79349325999
Stoll;Isabella;Henryovich;IS Ent.;+71510323565;+77351464895
Wilson;James;Charlotteovich;JW Inc.;+73819981822;+78850359332
Wilson;Emma;Liamovich;EW Cor.;+76034799280;+75227073072
Collymore;Isabella;Sophiaovich;IC Cor.;+77874331945;+72132239404
Wilson;Benjamin;Ameliaovich;BW Inc.;+76690142557;+71726582929
Gatlin;Elijah;Jamesovich;EG Inc.;+73005983459;+75925310778
Zimmerman;Luna;Theodoreovich;LZ Inc.;+79060515413;+78126590923
Zimmerman;Lucas;Jamesovich;LZ Inc.;+77864533746;+72894326056
Verlice;Noah;Charlotteovich;NV Ent.;+75407906836;+74529404979
Adair;Amelia;Miaovich;AA Inc.;+75039537570;+79112260343
Hayes;Luna;Evelynovich;LH Cor.;+76229342901;+73236188296
Anderson;Benjamin;Williamovich;BA Com.;+74065889997;+72703189359
Adair;Lucas;Oliverovich;LA Com.;+75776140892;+73060588132
Adams;Amelia;Ameliaovich;AA Inc.;+71962672278;+74811108237
Gatlin;Oliver;Lunaovich;OG Ent.;+74244468967;+71242597047
Dawson;Ava;Jamesovich;AD Com.;+76329802541;+73610461857
Stoll;Amelia;Williamovich;AS Com.;+73089718724;+79837539174
Stoll;Elijah;Ameliaovich;ES Cor.;+71620296557;+72264957867
Gasper;Sophia;Jamesovich;SG Com.;+77172968048;+75304519702
Beckett;Ava;Williamovich;AB Cor.;+74772058667;+79539833811
Finnegan;Charlotte;Williamovich;CF Ent.;+74996024191;+78568949856
Crassus;Ava;Evelynovich;AC Cor.;+76569406847;+72927619601
Curran;Amelia;Evelynovich;AC Cor.;+79925073104;+77627619744
Finnegan;Ava;Elijahovich;AF Cor.;+78640111120;+72283469804
Gray;Benjamin;Benjaminovich;BG Ent.;+71403043912;+76353256788
Lennon;Luna;Jamesovich;LL Ent.;+74323381366;+78835520985
Gatlin;Lucas;Oliverovich;LG Inc.;+77172661188;+79565018549
Verlice;Lucas;Lunaovich;LV Com.;+76456849255;+78765904255
Beckett;Sophia;Sophiaovich;SB Ent.;+75821882361;+76582903756
Finnegan;Ava;Jamesovich;AF Inc.;+74966280615;+78385379677
Adams;Theodore;Jamesovich;TA Inc.;+77747419742;+79586169546
Gatlin;Sophia;Isabellaovich;SG Ent.;+73585682653;+78458522584
Hendrix;James;Emmaovich;JH Com.;+73121732964;+73585018904
Ledger;Elijah;Oliviaovich;EL Ent.;+73232386872;+72421377237
Lennon;William;Lucasovich;WL Ent.;+71983204125;+74603083816
Collymore;Charlotte;Lucasovich;CC Cor.;+72212871864;+78559280287
Hendrix;Oliver;Charlotteovich;OH Cor.;+76385461073;+73538973855
Curran;Elijah;Theodoreovich;EC Inc.;+75089525008;+76278185961
Wilson;Charlotte;Avaovich;CW Ent.;+72267586126;+75502651114
Curran;Olivia;Noahovich;OC Cor.;+78946329719;+76320791789
Stoll;Luna;Noahovich;LS Inc.;+72604134712;+76517933460
Ledger;Sophia;Avaovich;SL Cor.;+76403262203;+74057035928
Carter;Ava;Theodoreovich;AC Inc.;+76200028096;+74320878455
Stoll;Henry;Jamesovich;HS Inc.;+74760954170;+73069817165
Zimmerman;Oliver;Williamovich;OZ Inc.;+76462148450;+78705971485
Finnegan;Isabella;Avaovich;IF Ent.;+79506323597;+76861818119
Zimmerman;Mia;Isabellaovich;MZ Cor.;+78857422203;+78225536737
Curran;Amelia;Elijahovich;AC Cor.;+77290217475;+72571047600
Ford;Ava;Theodoreovich;AF Inc.;+75969221006;+74056678259
Huxley;Mia;Oliverovich;MH Inc.;+78435290420;+79519800327
Curran;William;Theodoreovich;WC Ent.;+75718100568;+74045663603
Finnegan;Elijah;Isabellaovich;EF Inc.;+75764891068;+75248367747
Wilson;Noah;Henryovich;NW Inc.;+73564547303;+79181136087
Ledger;Benjamin;Benjaminovich;BL Inc.;+78226791920;+79098425537
Curran;Luna;Isabellaovich;LC Cor.;+78569817738;+78657554862
Beckett;Olivia;Benjaminovich;OB Ent.;+75267525046;+78398455901
Verlice;Lucas;Noahovich;LV Com.;+75184520583;+79260513303
Zimmerman;Amelia;Charlotteovich;AZ Ent.;+75653183074;+71321900215
Hayes;Benjamin;Benjaminovich;BH Com.;+75248720269;+79563530428
Stoll;Isabella;Emmaovich;IS Inc.;+74604924319;+74787074401
Adams;Ava;Lunaovich;AA Ent.;+75212511962;+77463819793
Finnegan;Mia;Avaovich;MF Cor.;+74689758767;+74816856744
Ford;Luna;Elijahovich;LF Cor.;+79152504226;+75297916438
Beckett;Theodore;Isabellaovich;TB Com.;+76695859767;+72269915256
Crassus;Olivia;Sophiaovich;OC Inc.;+74764002423;+75642716969
Adler;Amelia;Oliviaovich;AA Com.;+75917853811;+72551884498
Adair;Liam;Oliviaovich;LA Inc.;+72452956026;+77140562373
Verlice;Mia;Noahovich;MV Com.;+76274379278;+77781564638
Crassus;Charlotte;Lucasovich;CC Ent.;+71149082634;+76205906697
Lennon;Olivia;Miaovich;OL Cor.;+74798122175;+73609093646
Adler;Amelia;Jamesovich;AA Cor.;+79935959060;+72409178248
Gasper;Luna;Henryovich;LG Cor.;+78585030886;+78115491610
Gray;Luna;Miaovich;LG Inc.;+72148252499;+74361941696
Adler;Benjamin;Jamesovich;BA Cor.;+71308190870;+77693664722
Wilson;Elijah;Henryovich;EW Ent.;+73617568323;+71213835844
Carter;Liam;Evelynovich;LC Com.;+73356436865;+76664922412
Beckett;Elijah;Henryovich;EB Com.;+73569276134;+72977873515
Anderson;Noah;Oliviaovich;NA Cor.;+74672311110;+76486304579
Hendrix;Ava;Lucasovich;AH Ent.;+71579268814;+73504504079
Adams;James;Noahovich;JA Inc.;+73790137482;+72245079276
Gasper;Elijah;Miaovich;EG Cor.;+74373313023;+76113386048
Adams;Amelia;Emmaovich;AA Cor.;+72429334892;+79533011898
Gray;Liam;Miaovich;LG Inc.;+77438090436;+77414321306
Gatlin;Henry;Noahovich;HG Cor.;+79404546761;+77143923095
Finnegan;Benjamin;Henryovich;BF Com.;+77957565713;+72470129441
Gatlin;Amelia;Charlotteovich;AG Com.;+74743066943;+73972195837
Anderson;Ava;Miaovich;AA Cor.;+71479315369;+79772307720
Gray;Noah;Avaovich;NG Cor.;+75224905530;+75802658804
Curran;Noah;Sophiaovich;NC Inc.;+75216314036;+73905594420
Pierce;James;Benjaminovich;JP Ent.;+72723269973;+73028583601
Lennon;Evelyn;Miaovich;EL Com.;+75417713558;+77723980854
Lennon;Isabella;Lucasovich;IL Inc.;+78889757952;+78302189180
Gasper;William;Noahovich;WG Com.;+76428837827;+77787966205
Adams;Benjamin;Lunaovich;BA Com.;+73549144630;+75093575840
Pierce;Lucas;Lucasovich;LP Ent.;+77316167270;+76232839888
Verlice;Ava;Sophiaovich;AV Cor.;+75243212550;+72782611560
Adler;Ava;Williamovich;AA Ent.;+79285658730;+74692119173
Carter;Olivia;Elijahovich;OC Inc.;+71480001873;+73473192204
Adams;William;Theodoreovich;WA Cor.;+73017014574;+71870881990
Hayes;Elijah;Benjaminovich;EH Cor.;+79168953756;+72355373652
Lennon;Elijah;Sophiaovich;EL Ent.;+76713851220;+75821516340
Stoll;Elijah;Miaovich;ES Cor.;+75837434513;+73715970761
Huxley;Henry;Williamovich;HH Ent.;+72181483307;+78494599234
Ford;Lucas;Williamovich;LF Cor.;+77344462226;+72959120570
Carter;Sophia;Ameliaovich;SC Com.;+75697321095;+75539984280
Ledger;Benjamin;Isabellaovich;BL Com.;+79677299177;+73961567043
Adair;Benjamin;Isabellaovich;BA Inc.;+79401221314;+71623643152
Hendrix;Liam;Avaovich;LH Cor.;+78521626123;+75172098649
Ford;Mia;Isabellaovich;MF Cor.;+77690861748;+77350660616
Wilson;Mia;Elijahovich;MW Ent.;+72303404467;+71158227899
Wilson;Evelyn;Williamovich;EW Com.;+73548075680;+73783352874
Adler;Evelyn;Oliverovich;EA Ent.;+79242508526;+75814044571
Lennon;Emma;Avaovich;EL Inc.;+75988760126;+78850548085
Gray;Isabella;Emmaovich;IG Ent.;+76841680412;+75123697260
Huxley;Olivia;Isabellaovich;OH Inc.;+78496998099;+71243862922
Wilson;Lucas;Oliviaovich;LW Cor.;+76211719391;+76528290151
Carter;Amelia;Jamesovich;AC Com.;+77374246696;+71247989044
Gray;Luna;Evelynovich;LG Ent.;+78815478691;+72549066726
Hendrix;Sophia;Isabellaovich;SH Com.;+76841288763;+75350519194
Gatlin;Luna;Noahovich;LG Inc.;+75276890194;+78940679117
Huxley;Amelia;Liamovich;AH Com.;+77454002124;+77689833773
Anderson;Liam;Oliverovich;LA Cor.;+74426294780;+74792409000
Adair;Olivia;Lunaovich;OA Inc.;+73780128594;+79003734886
Anderson;Evelyn;Liamovich;EA Cor.;+75231040065;+71598791853
Wilson;Ava;Elijahovich;AW Com.;+74088030407;+79587541685
Verlice;James;Emmaovich;JV Com.;+78979404642;+72373761967
Gray;Benjamin;Oliverovich;BG Cor.;+74990921128;+73266596268
Finnegan;Charlotte;Oliverovich;CF Inc.;+71527090065;+77959564350
Adler;Lucas;Elijahovich;LA Cor.;+75325004235;+79748300520
Adler;Luna;Jamesovich;LA Ent.;+78257654111;+79296096493
Ledger;Henry;Elijahovich;HL Inc.;+75828794667;+78801924642
Hayes;Liam;Isabellaovich;LH Inc.;+77431903998;+76765748547
Beckett;Ava;Theodoreovich;AB Cor.;+73374243656;+76625737913
Finnegan;Sophia;Jamesovich;SF Inc.;+72269523436;+72794314598
Curran;Oliver;Avaovich;OC Ent.;+73942115495;+78944045479
Gasper;Henry;Noahovich;HG Inc.;+76768926096;+72740586316
Huxley;Luna;Benjaminovich;LH Inc.;+75355125060;+74650175535
Curran;Oliver;Lunaovich;OC Cor.;+75873467138;+76964862139
Beckett;Theodore;Isabellaovich;TB Com.;+74222598524;+73928292165
Verlice;Charlotte;Charlotteovich;CV Inc.;+71412173306;+72318543322
Stoll;Oliver;Noahovich;OS Inc.;+72137451013;+74211478848
Adler;William;Theodoreovich;WA Inc.;+71834572849;+71244568463
Finnegan;Sophia;Avaovich;SF Ent.;+78877018090;+77456657737
Verlice;Lucas;Williamovich;LV Cor.;+77312510448;+74913471195
Beckett;Olivia;Miaovich;OB Inc.;+78551243971;+77489481030
Gray;James;Benjaminovich;JG Cor.;+74762980373;+73740412719
Stoll;James;Benjaminovich;JS Cor.;+79335408312;+77179717072
Crassus;Elijah;Charlotteovich;EC Inc.;+74194994432;+77682677435
Pierce;Mia;Williamovich;MP Com.;+73041669627;+71987433243
Finnegan;Benjamin;Miaovich;BF Cor.;+75519857925;+76178479730
Gray;Evelyn;Emmaovich;EG Com.;+77022467853;+75201721505
Curran;William;Avaovich;WC Cor.;+78849051026;+78455163218
Stoll;William;Evelynovich;WS Com.;+73465182601;+76437423376
Adams;Charlotte;Williamovich;CA Ent.;+71513070928;+77876843186
Finnegan;Mia;Lucasovich;MF Inc.;+71638623124;+73707823322
Adair;Elijah;Benjaminovich;EA Inc.;+79851138861;+73850203711
Adair;Olivia;Evelynovich;OA Inc.;+77626192080;+73437926372
Beckett;Evelyn;Ameliaovich;EB Ent.;+77420414922;+72177357391
Hayes;Evelyn;Jamesovich;EH Cor.;+74884004177;+75195425662
Finnegan;Evelyn;Lunaovich;EF Cor.;+72496405794;+78235965707
Ledger;Lucas;Theodoreovich;LL Inc.;+75507696546;+71215631524
Ford;Luna;Ameliaovich;LF Inc.;+76158032825;+71276379974
Collymore;Luna;Avaovich;LC Inc.;+72588727494;+71347404147
Huxley;Sophia;Evelynovich;SH Com.;+72446432670;+73851552620
Dawson;Theodore;Theodoreovich;TD Com.;+74858226511;+75556851215
Dawson;Liam;Noahovich;LD Inc.;+72003286233;+77087721644
Stoll;William;Oliviaovich;WS Cor.;+74755696543;+74198366893
Collymore;Noah;Evelynovich;NC Cor.;+76323987251;+76740145988
Hayes;Sophia;Avaovich;SH Ent.;+72542831545;+78092201970
Collymore;Mia;Lucasovich;MC Com.;+78605306172;+74735055857
Gray;Isabella;Oliviaovich;IG Ent.;+77320514863;+79564490042
Lennon;Isabella;Liamovich;IL Com.;+73459040250;+72046074789
Lennon;Theodore;Avaovich;TL Inc.;+71555624313;+77830709365
Carter;Ava;Lucasovich;AC Com.;+78485367659;+73453331550
Gasper;Mia;Williamovich;MG Ent.;+76682304998;+71950667403
Beckett;Isabella;Miaovich;IB Cor.;+77121830798;+74614859067
Lennon;Mia;Evelynovich;ML Com.;+77692558462;+78183595218
Gatlin;William;Avaovich;WG Com.;+75900754682;+76937161930
Collymore;Isabella;Miaovich;IC Cor.;+71893811730;+73439423552
Hendrix;James;Lunaovich;JH Cor.;+78837402923;+75467863269
Hendrix;James;Williamovich;JH Cor.;+79315879579;+78068286907
Verlice;Ava;Noahovich;AV Ent.;+73688065864;+73267166355
Dawson;Elijah;Ameliaovich;ED Inc.;+74773771351;+71119451285
Crassus;Liam;Charlotteovich;LC Com.;+79479422761;+72853704913
Hayes;William;Isabellaovich;WH Cor.;+76034030122;+78793212331
Curran;Olivia;Emmaovich;OC Com.;+73525928886;+75479324791
Adams;Sophia;Emmaovich;SA Ent.;+78905561387;+79646737442
Zimmerman;Theodore;Ameliaovich;TZ Com.;+74286126545;+79488610927
Zimmerman;Mia;Emmaovich;MZ Ent.;+79101940356;+79724918886
Dawson;James;Sophiaovich;JD Com.;+71774751152;+77535632696
Hendrix;Isabella;Jamesovich;IH Com.;+77641745948;+78648924208
Verlice;Olivia;Lunaovich;OV Inc.;+78292490290;+74629357749
Huxley;Mia;Isabellaovich;MH Com.;+76836660816;+72691650768
Carter;Charlotte;Henryovich;CC Ent.;+79586217765;+79847542098
Finnegan;Lucas;Sophiaovich;LF Cor.;+71893325572;+72424083307
Carter;Elijah;Oliviaovich;EC Inc.;+71817807184;+77722401776
Ford;Theodore;Avaovich;TF Com.;+78960168153;+76216910924
Hayes;Emma;Charlotteovich;EH Inc.;+77225133521;+78791412343
Ledger;William;Liamovich;WL Ent.;+76491800792;+72463259018
Ford;Evelyn;Lucasovich;EF Inc.;+75946979815;+79981415425
Stoll;Henry;Avaovich;HS Cor.;+73403105836;+71578180374
Hendrix;Luna;Oliverovich;LH Inc.;+76481687301;+72602686060
Gray;Emma;Emmaovich;EG Inc.;+77517571205;+79665837247
Lennon;Benjamin;Williamovich;BL Ent.;+78743896384;+72192104014
Curran;Evelyn;Avaovich;EC Cor.;+71839572225;+74237914615
Gray;Noah;Henryovich;NG Com.;+74871410603;+72937225946
Crassus;Noah;Emmaovich;NC Ent.;+74778720397;+78058982896
Adler;James;Lunaovich;JA Cor.;+77569395239;+71714327318
Crassus;Oliver;Liamovich;OC Cor.;+74433698670;+77101715838
Pierce;Ava;Williamovich;AP Com.;+75009161739;+71759058915
Anderson;Isabella;Theodoreovich;IA Cor.;+73268547094;+74094768431
Gatlin;Theodore;Emmaovich;TG Cor.;+79694851772;+77589707815
Collymore;Liam;Emmaovich;LC Cor.;+76357204613;+76600109656
Verlice;James;Lucasovich;JV Cor.;+74328880313;+73627789732
Stoll;Mia;Williamovich;MS Com.;+73758253350;+76646621653
Crassus;Emma;Lucasovich;EC Com.;+71629414763;+71978487184
Dawson;Emma;Henryovich;ED Com.;+75627813004;+74377577093
Zimmerman;Mia;Liamovich;MZ Ent.;+72232736044;+77791146719
Anderson;Elijah;Evelynovich;EA Inc.;+72979632319;+75283692260
Gasper;James;Sophiaovich;JG Com.;+72600654161;+72814222256
Ford;Ava;Henryovich;AF Com.;+77243213272;+76686183665
Lennon;Sophia;Jamesovich;SL Cor.;+75213815521;+73139978748
Adair;Elijah;Charlotteovich;EA Inc.;+74620780528;+76412728217
Gasper;Benjamin;Lucasovich;BG Cor.;+79243195317;+74038456926
Wilson;Elijah;Ameliaovich;EW Ent.;+74961452795;+72210365678
Pierce;Theodore;Noahovich;TP Cor.;+75029771077;+75511593761
Adler;Amelia;Benjaminovich;AA Cor.;+74371494480;+74448393104
Curran;Evelyn;Emmaovich;EC Ent.;+73075260735;+77542756804
Verlice;Isabella;Charlotteovich;IV Com.;+78860535615;+72511674334
Wilson;Mia;Evelynovich;MW Cor.;+75353044326;+71134358091
Lennon;Mia;Lunaovich;ML Ent.;+75981666155;+77691743375
Finnegan;James;Lucasovich;JF Ent.;+76591232182;+73116486169
Dawson;Ava;Noahovich;AD Com.;+75436362771;+72897149458
Verlice;Henry;Lunaovich;HV Cor.;+79720154461;+78141701997
Adams;Benjamin;Ameliaovich;BA Com.;+75830766948;+79192501880
Dawson;Sophia;Oliviaovich;SD Inc.;+76633448040;+72230333641
Zimmerman;Noah;Williamovich;NZ Inc.;+72931043467;+79561637518
Huxley;Emma;Ameliaovich;EH Com.;+71603583910;+71168823984
Gasper;Lucas;Noahovich;LG Com.;+73220621154;+78117173541
Huxley;Charlotte;Oliviaovich;CH Inc.;+77062979620;+71575672149
Adler;Lucas;Emmaovich;LA Com.;+74640115283;+74119045002
Finnegan;Henry;Evelynovich;HF Cor.;+73112205664;+78525455883
Gasper;Mia;Noahovich;MG Inc.;+77479738837;+73436753549
Verlice;Sophia;Oliverovich;SV Com.;+76448175025;+74156486016
Crassus;Olivia;Henryovich;OC Inc.;+72512336327;+78306253657
Ford;Noah;Jamesovich;NF Inc.;+76132922498;+78937510952
Adair;Benjamin;Miaovich;BA Inc.;+76380561097;+76701000792
Verlice;Henry;Henryovich;HV Cor.;+77739513490;+74574062490
Ledger;Amelia;Noahovich;AL Inc.;+77065503873;+79073053808
Zimmerman;William;Jamesovich;WZ Ent.;+74160775636;+72020835272
Ford;Henry;Henryovich;HF Com.;+71768704379;+77755357479
Pierce;Ava;Williamovich;AP Cor.;+79234288988;+71546896921
Adler;Oliver;Sophiaovich;OA Ent.;+72316465050;+79448878687
Ford;Luna;Noahovich;LF Ent.;+78233494675;+76048800671
Ledger;Noah;Lunaovich;NL Ent.;+75404098818;+75677749451
Adair;Elijah;Elijahovich;EA Cor.;+76103973861;+76905160480
Gray;Lucas;Liamovich;LG Ent.;+78468393118;+76821200259
Pierce;Benjamin;Oliverovich;BP Cor.;+74089176318;+78067089044
Finnegan;Theodore;Sophiaovich;TF Cor.;+79634754910;+78505841993
Anderson;Luna;Liamovich;LA Inc.;+78187828322;+75489663099
Wilson;Henry;Ameliaovich;HW Com.;+78570947297;+75085815009
Curran;Ava;Henryovich;AC Cor.;+76376778088;+73205404988
Hendrix;Lucas;Ameliaovich;LH Ent.;+77257961529;+73675317055
Hendrix;Ava;Noahovich;AH Inc.;+79419032852;+71975537118
Gatlin;Ava;Williamovich;AG Cor.;+75043160241;+76578702685
Lennon;Oliver;Elijahovich;OL Ent.;+74963540870;+75946054005
Carter;Evelyn;Evelynovich;EC Com.;+71952349090;+73665294819
Lennon;Ava;Williamovich;AL Cor.;+71236021199;+71831151575
Gasper;Isabella;Noahovich;IG Inc.;+71938964717;+77969474670
Ford;Liam;Lucasovich;LF Cor.;+78231162391;+74211086827
